{"train/loss": 2.666, "train/grad_norm": 3.65419602394104, "train/learning_rate": 2.50501002004008e-07, "train/epoch": 1.0, "train/global_step": 1000, "_timestamp": 1723023626.8217778, "_runtime": 95.32069873809814, "_step": 1000, "train_runtime": 97.6972, "train_samples_per_second": 10.236, "train_steps_per_second": 10.236, "total_flos": 261292032000000.0, "train_loss": 3.30187890625, "_wandb": {"runtime": 97}}