{"train/loss": 3.0442, "train/grad_norm": 0.9289246797561646, "train/learning_rate": 5.0000000000000004e-08, "train/epoch": 1.0, "train/global_step": 1000, "_timestamp": 1723025822.0602667, "_runtime": 258.1362147331238, "_step": 1000, "train_runtime": 259.3971, "train_samples_per_second": 61.681, "train_steps_per_second": 3.855, "total_flos": 4180672512000000.0, "train_loss": 3.163648198366165, "_wandb": {"runtime": 263}}